Center,Peak,FWHM,d-space,RSQ Error
16.948800000000002,90,0.22000000000000242,2.64238425676153,0.5050845654987195
