center,peak,fwhm,dspace,rsqerror
16.9505786784256,35.6647857554902,0.0908852614994584,5.22651711604533,0.871150288020148
